pozo,Qi_hist,Qi_hyp,b,di_hyp,error_Qi_hyp,error_di_hyp,Qi_harm,di_harm,error_Qi_harm,error_di_harm,Qi_exp,di_exp,error_Qi_exp,error_di_exp,hidrocarburo_principal,ultima_produccion,mes_max,profundidad_total,trayectoria,first_oil,Qi_gas,b_gas,di_gas,Qi_condensado,b_condensado,di_condensado,estado_actual,RSS_exponencial,RSS_hiperbolica,RSS_harmonica,RSS_gas_exponencial,RSS_gas_hiperbolica,RSS_gas_harmonica,Np,Gp,Cp,Wp,acum_BOE,RGA,corte_agua
HORCONES-253,0.211216,0.02497032056932775,7.715529240894317e-11,2.840062401301411e-15,0.002566445534286713,0.0,0.024970320596009985,1.1144066745723622e-18,0.0026620748811147683,0.0003532975996603944,0.11355211651252194,0.07304535006648807,0.017745043300954184,0.01651564267231605,aceite_Mbd,2017-10-01,493.0,1455.0,VERTICAL,1977-04-01,0.026781260683501656,0.9539227230502538,1.2649883007300119e-16,5e-45,0.5,5.0,INACTIVO,0.40148497715274056,0.22460506278785203,0.22460506278785203,0.5473602614526554,0.29002563590569574,0.29002563590569425,0.29365097021193537,0.31494762563623524,0.0,0.01623008519955114,0.3461422411513078,1090.447005459231,0.10454678833271507
HORCONES-385,0.116666,0.11666599999960632,1.2800637165104223e-10,0.0013565173669586675,0.0047942553094846305,0.0007493581177040398,0.11666599999999999,0.0015396993499887264,0.005681064929870007,0.00029672563595273125,0.11666599999999999,0.001356558672086656,0.0048856726935925295,0.00017343859844330748,aceite_Mbd,2020-02-01,510.0,1350.0,VERTICAL,1978-03-01,0.035769999999999996,8.599192669045408e-08,1.3061602571101973e-19,5e-45,0.5,5.0,PRODUCTOR,1.083055111894024,1.0830550037708857,1.1312499736247406,6.148506212496579,6.148506205200745,6.1485062052019845,1.4630413723722662,1.8061523791602034,0.0,0.014996483089376999,1.764066768898968,1384.7349622130187,0.03378026282539259
HORCONES-361,0.069188,0.018801878904713208,6.009118356853143e-13,1.3780359215013125e-17,0.0010797072483936557,0.0,0.01880187884850854,7.945558401899702e-15,0.0019975613521068126,0.00037568314151876126,0.04449892989372191,0.049892745857900656,0.011696162612090832,0.019058329397639222,aceite_Mbd,2018-01-01,485.0,1352.0,VERTICAL,1978-03-01,0.020768984867196253,0.9999999990857493,5.570275279875937e-17,5e-45,0.5,5.0,INACTIVO,0.2602544231117657,0.15066149147081176,0.15066149147083896,0.3912541313853034,0.3912541313852896,0.39125413138577503,0.20362434857775727,0.2249281034958407,0.0,0.06229357664638438,0.24111236582706402,904.8249959978858,0.321381238258651
HORCONES-394,0.017821,0.014382181434855222,3.603646129410054e-06,0.0002982077558096239,0.0031349252859446033,93.69927046856397,0.014303476854030607,0.00026459558364083077,0.0030616012320804934,0.0012409607101178976,0.00021421366211119166,5.0,0.021717694568084592,0.0,aceite_Mbd,2012-03-01,400.0,1300.0,VERTICAL,1979-05-01,0.020011716037252585,6.538023004017705e-07,0.0005928320718655866,5e-45,0.5,5.0,INACTIVO,0.02641286241174622,0.015310053858681661,0.01531396805699479,0.06600571803554867,0.04517391424094206,0.04521132797953255,0.024047009999999987,0.03278985000000001,0.0,0.0065673599999999995,0.02951198500000001,1490.4100498902915,0.45425951092070566
HORCONES-272,0.0064930000000000005,0.005013722768769531,7.031300503657627e-10,0.0015608224857217754,0.0004428734002892819,0.010492860936034153,0.0049665864815075355,0.0015419190966263875,0.0004904897353720808,0.001519241800613904,0.005018427101941111,0.0015776269193741332,0.00044097303963079815,0.001097708114481894,aceite_Mbd,2016-04-01,430.0,1350.0,VERTICAL,1980-12-01,0.0031636643796426316,0.0008282854588438637,5.607498126973225e-06,5e-45,0.5,5.0,INACTIVO,0.0008349906291034839,0.0008349932998705755,0.0008418626007238555,0.0013124632813824404,0.001312474519282819,0.0013124619708756676,0.013786622054127779,0.009677374898725683,0.0,0.0,0.015399517870582058,660.6377980144496,0.0
HORCONES-371,0.025159,0.021004811669473638,1.1750808399431872e-09,0.0068834529993856775,0.002016481781027308,0.041984669131867186,0.02085705269581655,0.019934905498100078,0.0020761385700183003,0.004714589651519574,0.021004290148585125,0.006882999110832171,0.0019066952417432054,0.0006885240598089796,aceite_Mbd,2017-06-01,310.0,1400.0,VERTICAL,1991-12-01,0.03497581723509249,4.6780660403520916e-08,0.010407806713733416,5e-45,0.5,5.0,INACTIVO,0.00019519517620287982,0.00019519517631737244,0.00022306685858250412,0.00015101304451718573,0.00015101304486223057,0.00017822009633118187,0.00374123196382836,0.003765788167275451,0.0,0.022675896695197078,0.004368863325040935,1042.4383535519287,7.6661136982303075
HORCONES-1D,0.00629,0.006289999995229499,0.9999999999817286,5.617602513526115e-10,0.0006591661936089141,7764157.587803183,0.0062899999999011524,1.145381930626477e-11,0.0006502871102421664,0.0010861854836352032,0.006289999978717894,4.238693225962093e-10,0.0006502868908116315,0.0010861839937653392,aceite_Mbd,2015-12-01,206.0,,nan,1999-01-01,0.003533999997230986,0.999999999982,5.786632224171305e-10,5e-45,0.5,5.0,nan,0.0026712376368820995,0.0026712377037997194,0.002671237377786827,0.000840860968626274,0.000840860990025113,0.0008408608842169484,0.03894909000000004,0.02186706000000003,0.0,0.047384249999999975,0.042593600000000065,561.4169745135067,1.2199721238126602
HORCONES-6,0.062898,0.06289799999999868,1.621635677705176e-07,0.002407451701022898,0.003233536649537447,0.7101412200525352,0.06289799999999991,0.002936260436613057,0.003429235613015643,0.0006455857429716764,0.06289799999952635,0.002407451110533822,0.0029957663074809964,0.00038018256824099377,aceite_Mbd,2020-02-01,257.0,,VERTICAL,1999-01-01,0.02827299998974227,3.50898678921964e-08,0.001153554313550535,5e-45,0.5,5.0,PRODUCTOR,0.10493247797757049,0.10493247799116737,0.10547769884899888,0.0283879707222431,0.02838797061422314,0.028464039407085893,0.37025877328965967,0.19621270461654614,0.0,0.271721671058529,0.4029608907257509,541.5803482292636,0.7717438066014726
HORCONES-332,0.050318,0.03817784764260665,4.741291615967021e-10,0.0024397571347816757,0.003069736270399725,0.005496436313621527,0.037506117502894176,0.002453159920003823,0.0032492738102926867,0.001324330891878639,0.038181814135183526,0.002441325857018646,0.0030922729123709597,0.0009873459426065765,aceite_Mbd,2019-04-01,174.0,1711.0,DIRECCIONAL,2004-12-01,0.04237799999999889,0.990784150576182,3.6445245948006086e-15,5e-45,0.5,5.0,INACTIVO,0.021140333450407712,0.021140333677011916,0.02137939527248841,0.35651992456835346,0.35651991925703963,0.3565199192669961,0.09147642901290942,0.20582583434177087,0.0,0.08224250000919961,0.12578073473653784,2232.6436439808463,0.9062359178944327
HORCONES-295,0.223601,0.15887133463499514,1.2323216341033477e-08,0.02216107864790434,0.019585334791656507,0.4875512215820279,0.1793070763726665,0.04737297460149961,0.027262916448997154,0.016103699080564717,0.15886762199773966,0.022159569879820443,0.019060973508245767,0.004498109232435991,aceite_Mbd,2017-06-01,98.0,1504.0,DIRECCIONAL,2009-05-01,0.09947096347103161,1.131684559483797e-07,0.008042001078752083,5e-45,0.5,5.0,INACTIVO,0.23985960246269258,0.23985960299684186,0.24411635753493222,0.24791759279213543,0.24791760016483033,0.2518008440675666,0.1582422494359434,0.1584720741819365,0.0,0.046469542436613345,0.18465426179959946,1573.6176971806092,0.4066420001732777
HORCONES-296,0.146421,0.1318044225083294,0.6842828058826205,0.05914511340532241,0.014421288120372706,0.39008592132110037,0.13607722945999814,0.07738383505833481,0.013568841725343247,0.017013482828557542,0.11742152468645355,0.031896759570852085,0.009594209682880873,0.004258392814062157,aceite_Mbd,2019-02-01,117.0,1541.0,DIRECCIONAL,2009-07-01,0.1698444996431272,2.0083713036480172e-07,0.016453041116794628,5e-45,0.5,5.0,INACTIVO,0.04092072764399244,0.03816610997283943,0.038704676655402,0.136789946761317,0.13678995555988033,0.1441780756218647,0.08068683621511531,0.16908129644875639,0.0,0.03115004096064598,0.10886705228990798,2352.529576066377,0.4710080247087901
HORCONES-118,0.060203,0.042875573425414315,1.2902212750506667e-06,0.005177413999909652,0.006472054849518194,4.543944467158749,0.04130866818921508,0.005215287179341378,0.005055474519786145,0.00293935846825776,0.04290254030402481,0.005183254620296018,0.0045650946485820635,0.0018810467248406557,aceite_Mbd,2018-12-01,115.0,1504.0,VERTICAL,2009-07-01,0.03509899999811681,1.9228986328379234e-07,0.004122002276580162,5e-45,0.5,5.0,INACTIVO,0.04954708824537288,0.049547110360955,0.050455229799397844,0.14007026938148975,0.14007027050353477,0.14076724411922628,0.10893972664054263,0.10536597563372789,0.0,0.06785052969361949,0.12650072257949724,1017.9276963982095,0.7034076994180658
HORCONES-367,0.013287,0.01004149852982354,4.5117691615490545e-09,0.009206843647620783,0.0013775697640251812,0.11784927832759703,0.009994496498374713,0.013704669782383124,0.0014324158245777906,0.006014374835431384,0.010041321922133382,0.009206170469707847,0.0013457655446245257,0.002599146334495119,aceite_Mbd,2017-11-01,100.0,1537.0,DIRECCIONAL,2009-08-01,0.007273992141109879,0.9999999987766791,6.079046693293675e-08,5e-45,0.5,5.0,INACTIVO,0.00018705340283379156,0.00018705339913505854,0.0001938612517390122,0.016177326139292562,0.016177331842527842,0.016177320461215686,0.003736588755516,0.008701581133604698,0.0,0.0039648466625472,0.0051868522777834495,2876.257734690467,0.9924912052003018
HORCONES-365,0.013258,0.013257999969021111,0.9999999995312526,2.589061012590093e-09,0.012242495931643867,43610295.84748614,0.013257999999927982,1.7150321613811866e-11,0.012091941276703015,0.01626701695324438,0.01325799998597628,1.8977313578157925e-10,0.01209193904697676,0.01626700514582731,aceite_Mbd,2017-12-01,101.0,1521.0,DIRECCIONAL,2009-08-01,0.00723899999999801,0.9999999999999953,3.023592842814131e-13,5e-45,0.5,5.0,INACTIVO,0.2895146633082075,0.28951467130304565,0.2895146626439188,0.39969966925107436,0.39969966925169953,0.39969967534154244,0.14074620536532406,0.14368417823468618,0.0,0.013800814374926253,0.16469356840443833,955.0539372160745,0.2772803788827752
HORCONES-386,0.025465,0.025464999891391046,0.9999999975475573,6.917911105609925e-09,0.005598797851990501,12086814.922471114,0.025464999997524284,2.7403839569871905e-10,0.005531933405819254,0.003406907598040116,0.02546499998238238,1.5732238120897398e-10,0.005531932091041328,0.0034069046494513877,aceite_Mbd,2019-02-01,115.0,1475.0,DIRECCIONAL,2009-09-01,0.014306999996339687,0.9999999999909183,1.52159185868471e-10,5e-45,0.5,5.0,INACTIVO,0.03543343733407159,0.03543344947549225,0.035433437515926036,0.46076073451624994,0.4607607355292389,0.46076073446885196,0.08068079768737202,0.16541558263916642,0.0,0.026476330232909694,0.10825006146056636,1951.1366590148837,0.3159213014721435
HORCONES-382,0.104476,0.10447599967012952,6.576764235777144e-09,0.011360600709341173,0.012017858138106768,0.10496349100099917,0.10447599999999999,0.015231287329582038,0.015583059993796182,0.006104826613152899,0.10447599999999994,0.01136211302792675,0.011839471600075526,0.0024814508678814456,aceite_Mbd,2020-02-01,126.0,1599.0,DIRECCIONAL,2009-10-01,0.11781599868397732,1.4400723791312595e-06,0.0010625542625557875,5e-45,0.5,5.0,PRODUCTOR,0.21922892598932328,0.21922892815301373,0.23943260800266497,2.283242494000225,2.2832426517017153,2.2849880566572582,0.1899536439277189,0.4645877129732527,0.0,0.024700601337345123,0.2673849294232608,2517.262029878422,0.25352500582919335
HORCONES-251,0.019092,0.016948399729527077,2.786507995097621e-05,0.0008500672145259169,0.0027380579440834923,281.6750526026985,0.016913122670793444,0.0008304955508679807,0.002351426420193825,0.0025319501914448364,0.01694845820226211,0.0008501394921725321,0.0023270357713846826,0.0023503502624467928,aceite_Mbd,2018-01-01,99.0,1476.0,DIRECCIONAL,2009-11-01,0.02767202789896823,9.937828076585409e-11,0.0023509219497903737,5e-45,0.5,5.0,INACTIVO,0.002760128788173307,0.0027601288069357727,0.0027607435558418465,0.007395543725278646,0.0073955383963567245,0.0073987083247792,0.019999751932415013,0.03041072592290172,0.0,0.03767042789521951,0.025068206252898618,1557.9088334692533,2.1639858245897585
HORCONES-381,0.017685,0.01008385021778279,7.068402680123452e-07,0.001947995486499716,0.0032252461898781316,31.245391456924672,0.010058572266735498,0.0020317857727293644,0.0030037088097608733,0.006232110639269611,0.010084696567164124,0.0019499288606086853,0.0029837431492684527,0.005328216588972211,aceite_Mbd,2016-08-01,82.0,1640.0,DIRECCIONAL,2009-11-01,0.031934317059769526,2.0972285337961612e-08,0.006122041883327018,5e-45,0.5,5.0,INACTIVO,0.00022821013042118016,0.00022821012639923636,0.00022837121814819395,0.001760471235660568,0.0017604714083598134,0.0017739386097775857,0.0024970687612892997,0.006691442503227599,0.0,0.0027732725232259498,0.0036123091784939,2715.0042943003887,1.1361581887279106
HORCONES-306,0.012755,0.010645937626934086,1.4737807511836428e-09,0.010626327597693731,0.0012788957687669964,0.02890668012288932,0.010376795355266432,0.01264202291834344,0.0014956216398974485,0.007015792637506835,0.01064419218715435,0.010623129988168306,0.001270004877087119,0.0035928235288436227,aceite_Mbd,2017-03-01,89.0,1526.0,DIRECCIONAL,2009-11-01,0.013061943766064813,0.9999999999990687,0.022339971641040766,5e-45,0.5,5.0,INACTIVO,0.0007818171111312515,0.0007818171431006521,0.0008306182768750756,0.0008850830590256965,0.0008468002598311778,0.000846800259682253,0.0093613704701469,0.010379920439268003,0.0,0.03314251418798438,0.011091357210024902,1733.5000403010517,2.936508466156508
HORCONES-273,0.026133,0.01653203484900771,4.4242976909360035e-07,0.014214861396626548,0.002694872681655453,1.7407610916257747,0.017309556291448647,0.02466259923703595,0.0025251158038235226,0.010604945260781646,0.01653275314373056,0.014206774730208984,0.0019571083973713935,0.0036390494550067346,aceite_Mbd,2018-04-01,100.0,1460.0,DIRECCIONAL,2010-01-01,0.03151343930242389,2.855083874391281e-08,0.025705025180184686,5e-45,0.5,5.0,INACTIVO,0.0018899687947821493,0.0018899692594165115,0.001939352765865266,0.004156414224612975,0.004156416627611974,0.004791594716889705,0.01318087596232713,0.018044267478018298,0.0,0.027091315611654385,0.016188253875330183,1307.2011710620384,2.9208735864439266
HORCONES-233,0.040176,0.03611721212233555,7.610632870734003e-08,0.00998799244554567,0.005854292800053492,1.0451580108857246,0.03460661333396062,0.011810881374093364,0.006379739995488539,0.0066342823182645,0.03608079339136086,0.009960991180164394,0.0051242149150270595,0.0031087959912351327,aceite_Mbd,2018-04-01,100.0,1490.0,DIRECCIONAL,2010-01-01,0.06540820413762057,4.846383961291791e-09,0.009408465429777784,5e-45,0.5,5.0,INACTIVO,0.016764078357518416,0.016764102075676482,0.017487001695188364,0.07052598404733995,0.07052609859169277,0.07340650098692166,0.046769771284933405,0.08663928304174742,0.0,0.04562478436240062,0.061209651791891334,1762.6688020159506,2.446197604122371
HORCONES-326,0.006377000000000001,0.006376999999974732,0.9999999999986118,2.8381134093982095e-12,0.002407910270995708,0.0,0.006376999879068499,1.3745846518453667e-08,0.002378365966368196,0.007226037021150082,0.006376999113860977,1.2296950203935912e-08,0.002378365014689557,0.007226022387919179,aceite_Mbd,2017-11-01,95.0,1558.0,DIRECCIONAL,2010-01-01,0.010781999999703445,0.999999999999693,1.3828572029963863e-11,5e-45,0.5,5.0,INACTIVO,0.004066236664536919,0.0040662347348717435,0.004066236566003526,0.014818756425387727,0.014818741646648976,0.014818755186079523,0.01384847795977326,0.022611687892119085,0.0,0.025586124253640725,0.017617092608459776,2289.4687254014943,2.0245278560335125
HORCONES-546,0.033663,0.014037742741067269,0.9999999913229677,0.09239433557987214,0.0040093658326093825,1.1106225383805521,0.014038007717008858,0.09239951045940371,0.003449718871320717,0.05568994320115862,0.010498577407195354,0.02695182473465009,0.002082782204466914,0.012349684056931065,aceite_Mbd,2017-03-01,87.0,1586.0,VERTICAL,2010-01-01,0.007745100726013346,0.4561596749236508,0.04356955950306188,5e-45,0.5,5.0,INACTIVO,0.0012412525427439396,0.0011814565178866823,0.0011814565180668713,0.0003198360024536887,0.0003185402006771887,0.00032095054409102584,0.006437637807952561,0.004158885013555447,0.0,0.00959394603242601,0.007130785310211801,718.7410774175238,1.326578805285584
HORCONES-347,0.027177,0.022660214693954253,0.005521283493179596,9.087599597845446e-10,0.007662593958551996,127126.54589271262,0.02266028467868203,2.4329398981446058e-11,0.007142576537690443,0.005327306526287034,0.022660270494010638,1.374483712580153e-10,0.007142576123844005,0.005327306998153745,aceite_Mbd,2016-05-01,76.0,1492.0,DIRECCIONAL,2010-02-01,0.01414399999310483,0.9999999999997161,4.301299362381718e-11,5e-45,0.5,5.0,INACTIVO,0.004197230093113071,0.004197230206245416,0.004197230076532688,0.04123889262264103,0.04123889258720263,0.04123889906341686,0.018354836138043,0.034400094475973995,0.0,0.0481363346331477,0.024088185217372,2066.2902623932187,3.091508545169568
HORCONES-341,0.004935,0.0035342271776633597,0.00807808938947148,0.009549554844038117,0.0010379540360092668,41.29774173281253,0.003526042173922669,0.014854521657006086,0.0009294062338999022,0.010901839615573327,0.0035342729721926634,0.009516631693072547,0.0009172090635861425,0.004623744833997385,aceite_Mbd,2017-12-01,93.0,1416.0,DIRECCIONAL,2010-04-01,0.0037959882885660002,0.9999999997048628,1.4642587294137106e-08,5e-45,0.5,5.0,INACTIVO,1.1542192662145573e-05,1.1542753750218366e-05,1.1618714098315054e-05,0.00012102604212453771,0.00012102605843145763,0.00012102602490655695,0.00052582079048364,0.0010249409545147802,0.0,0.0005131725685163401,0.00069664428290277,2197.0732258293206,0.9201431647331516
HORCONES-343,0.009373,0.008246036318360421,0.9999999999999999,0.6330250059827462,0.0020236231034832853,1.0527131419556943,0.008247410284753764,0.6334832685556081,0.001948948907731112,0.4001773135210379,0.007462210839781936,0.3246273552303817,0.0019159457649329868,0.15111816130316058,aceite_Mbd,2018-01-01,83.0,1485.0,DIRECCIONAL,2011-03-01,0.023736376226513103,0.9999999999999999,2.711744151028127,5e-45,0.5,5.0,INACTIVO,0.00010933593495017385,9.324895174152228e-05,9.324896415133601e-05,0.0005935693331323201,0.0005591548633250824,0.0005591548633162792,0.00161383297775646,0.0028922937439191,0.0,0.00981381531869469,0.0020958819350763097,1752.4306214427468,6.1851818739516355
HORCONES-611,0.005469,0.005090613612565762,0.9999999999999999,0.21823190686415575,0.000935442138129716,1.1439419201531544,0.0050905652386729495,0.21822144069552674,0.0008256217502975029,0.13340537527108068,0.005261702466194307,0.20851103803304127,0.0009151513301366349,0.09860711052012894,aceite_Mbd,2016-06-01,62.0,1977.0,DIRECCIONAL,2011-05-01,0.007506605960676412,0.9999933087344567,0.020118559445191447,5e-45,0.5,5.0,INACTIVO,6.7012467454855455e-06,5.106027361070207e-06,5.106027370412525e-06,2.020105700344395e-05,1.9730768968745524e-05,1.9730764836753842e-05,0.0006457465160436601,0.0013945195421091001,0.0,0.0013132681779693,0.0008781664397285101,2481.4969567326134,2.537750943404627
HORCONES-376,0.051302,0.02825744416710933,8.94726845480062e-09,0.025400627799200656,0.003754164966797665,0.16034224879770323,0.027702213032371952,0.03992475621829947,0.005202199637514443,0.01655505346551162,0.028218338637649863,0.02532882322904101,0.003537894158094246,0.005037074300233234,aceite_Mbd,2018-09-01,88.0,1427.0,DIRECCIONAL,2011-06-01,0.01669748155648083,1.3172073237266986e-06,0.044011736268709925,5e-45,0.5,5.0,INACTIVO,0.004087630836638943,0.00408765014795699,0.004771441978774764,0.0017768616230070284,0.0017768619416540549,0.0020214513959588214,0.020751647079427157,0.007814087785559747,0.0,0.029071209974999998,0.02205399504368713,392.51694757768576,1.4400220181245849
HORCONES-633,0.004587,0.0031516155439786087,0.999999913291036,0.01969075686444056,0.0009470606881590308,20.0084602649341,0.003151238521285471,0.019673203303418204,0.0005630202823747104,0.015091479862826931,0.0041876712456053,0.24413222259307119,0.00136521211768926,0.23708530952479118,aceite_Mbd,2016-06-01,61.0,95.96,DIRECCIONAL,2011-06-01,0.06082603849483418,3.177841818158033e-07,0.04090887846700409,5e-45,0.5,5.0,INACTIVO,1.3540456408641293e-05,6.416214838828603e-06,6.416202787323941e-06,0.0009724478550874101,0.0009724479251851068,0.0010986065279946218,0.0005455525699806298,0.007513948849389899,0.0,0.004181834553175652,0.0017978773782122799,11563.705694535476,6.050555711926962
HORCONES-624,0.037198,0.021874187132555768,0.9999999999999998,0.02644310362418828,0.0033567542997802397,1.2991776407983606,0.021874127188314236,0.026442866659404207,0.0024204579336923613,0.007681804968353426,0.01878612967772214,0.011781443062086804,0.0018792555877566314,0.0025185550228062842,aceite_Mbd,2019-05-01,91.0,1515.0,VERTICAL,2011-11-01,0.010670606081847243,0.9999999999999999,2.659259684043146e-13,5e-45,0.5,5.0,INACTIVO,0.0028117635700237553,0.0025950354210769423,0.0025950354209103746,0.003676485149051914,0.0036764851490732695,0.003676485149049149,0.022169332853474135,0.020807682356483004,0.0,0.008492784575961506,0.025637279912887972,988.6818256788654,0.44020014209532676
HORCONES-374,0.026541,0.018489822478824705,6.853269718009454e-07,0.017102022682013933,0.0042916290284660645,7.196337147384576,0.018211215492369308,0.01956646910223591,0.004001692922445315,0.017756865551589913,0.01848840422981947,0.017096598274990025,0.003701718549593501,0.011083539919051283,aceite_Mbd,2014-08-01,33.0,1497.0,DIRECCIONAL,2011-11-01,0.00897821671189571,0.9999999999999996,6.261374575897925e-11,5e-45,0.5,5.0,INACTIVO,0.00145525491816888,0.0014552549484806395,0.001475894277100583,0.0006933727758169227,0.000693372774021324,0.0006933728471459311,0.00945012,0.006194969999999999,0.0,0.022375229999999996,0.010482615,794.6950631065702,3.0269663154611113
HORCONES-231,0.001856,0.001516555277783317,0.999999944025919,1.9279774420257796e-06,0.0005593380960567388,20932413.912065506,0.001516609119510996,1.3422585621286945e-05,0.0005340600386360983,0.012775071574221822,0.001516527231203404,9.08665591062963e-06,0.0005339400656918223,0.012766395192563415,aceite_Mbd,2018-10-01,51.0,1503.0,DIRECCIONAL,2014-08-01,0.0026787246698914443,0.9999985707313727,1.4973852034600013e-05,5e-45,0.5,5.0,INACTIVO,6.406471101731279e-05,6.40621071982663e-05,6.40662854655739e-05,0.0002513702154124343,0.0002513538650434862,0.00025134165558710455,0.00150167341798239,0.00268277124378111,0.0,0.0012006075650290412,0.0019488019586125747,1790.617571412236,0.6393417690735829
HORCONES-8127,0.175254,0.14835034605002068,0.9999999999999998,0.10341604736508779,0.02862349702592042,0.984664954508434,0.14835036658473275,0.10341609509069984,0.02425101983798099,0.04552168508413013,0.1287937670301055,0.045840847321420276,0.017560296842358342,0.014506117618361878,aceite_Mbd,2019-10-01,60.0,4360.0,HORIZONTAL,2014-11-01,0.33699638420332967,0.7416433474208995,0.17746360909885514,5e-45,0.5,5.0,PRODUCTOR,0.031268098953458175,0.02957835594439629,0.02957835594439706,0.09408097442624574,0.08461296515893968,0.08565327247452154,0.0485945822668119,0.08120489699790182,0.0,0.04376672953059318,0.062128731766462206,1592.9383352500408,0.6935655674958511
HORCONES-1,0.010181628975799998,0.010181624984667341,0.00011959115751102294,0.004679843181995222,0.0006185522228341205,10.770977476386292,0.010181628050588629,0.004928330589629402,0.000453525467169237,0.0019326181630865784,0.010181622131107772,0.004679141329415808,0.00042572616740902677,0.001545048189843571,aceite_Mbd,2020-02-01,50.0,,VERTICAL,2016-01-01,0.005624071111485512,0.0001263242829363468,0.004554075210592463,5e-45,0.5,5.0,PRODUCTOR,0.00010217942403251425,0.00010217968581860328,0.00010464778269503525,3.170787612275084e-05,3.170798317735391e-05,3.244153722685191e-05,0.013930451969701501,0.007726059795117602,0.0,0.055165530256823976,0.015218128602221105,554.6257770160499,4.123129323138937
